http://images.elc.datahosting.sk/products/detail/anlas/mb_79.jpg;MB 79;ANLAS
http://images.elc.datahosting.sk/products/detail/anlas/nf_25.jpg;NF 25;ANLAS
http://images.elc.datahosting.sk/products/detail/anlas/nr_14.jpg;NR 14;ANLAS
http://images.elc.datahosting.sk/products/detail/anlas/sc_500_wintergrip_2.jpg;SC 500 WINTERGRIP 2;ANLAS
http://images.elc.datahosting.sk/products/detail/anlas/tournee.jpg;TOURNEE;ANLAS
http://images.elc.datahosting.sk/products/detail/atturo/az_800.jpg;AZ 800;ATTURO
http://images.elc.datahosting.sk/products/detail/atturo/az_850.jpg;AZ 850;ATTURO
http://images.elc.datahosting.sk/products/detail/autogrip/grip_790.jpg;GRIP 790;AUTOGRIP
http://images.elc.datahosting.sk/products/detail/avon/cobra_av72_www.jpg;COBRA AV72 WWW;AVON
http://images.elc.datahosting.sk/products/detail/avon/streetrunner.jpg;STREETRUNNER;AVON
http://images.elc.datahosting.sk/products/detail/avon/trailrider_av54.jpg;TRAILRIDER AV54;AVON
http://images.elc.datahosting.sk/products/detail/barum/bravuris_3_suv_hm.jpg;BRAVURIS 3 SUV HM;BARUM
http://images.elc.datahosting.sk/products/detail/bridgestone/dueler_at_693_3.jpg;DUELER AT 693 3;BRIDGESTONE
http://images.elc.datahosting.sk/products/detail/continental/contitrack.jpg;CONTITRACK;CONTINENTAL
http://images.elc.datahosting.sk/products/detail/continental/sportcontact_6.jpg;SPORTCONTACT 6;CONTINENTAL
http://images.elc.datahosting.sk/products/detail/cooper/cs3_touring.jpg;CS3 TOURING;COOPER
http://images.elc.datahosting.sk/products/detail/dunlop/d_254.jpg;D 254;DUNLOP
http://images.elc.datahosting.sk/products/detail/dunlop/d_256.jpg;D 256;DUNLOP
http://images.elc.datahosting.sk/products/detail/dunlop/d_423.jpg;D 423;DUNLOP
http://images.elc.datahosting.sk/products/detail/dunlop/geomax_mx3s.jpg;GEOMAX MX3S;DUNLOP
http://images.elc.datahosting.sk/products/detail/dunlop/sp_sport_maxx_rt_2.jpg;SP SPORT MAXX RT 2;DUNLOP
http://images.elc.datahosting.sk/products/detail/dunlop/sportmax_a13.jpg;SPORTMAX A13;DUNLOP
http://images.elc.datahosting.sk/products/detail/falken/sincera_sn832a_ecorun.jpg;SINCERA SN832A ECORUN;FALKEN
http://images.elc.datahosting.sk/products/detail/goodyear/eagle_f1_asymmetric_3.jpg;EAGLE F1 ASYMMETRIC 3;GOODYEAR
http://images.elc.datahosting.sk/products/detail/goodyear/eagle_f1_asymmetric_suv_4x4_suv.jpg;EAGLE F1 ASYMMETRIC SUV 4X4 SUV;GOODYEAR
http://images.elc.datahosting.sk/products/detail/goodyear/vector_4_seasons_suv_g2.jpg;VECTOR 4 SEASONS SUV G2;GOODYEAR
http://images.elc.datahosting.sk/products/detail/hankook/radial_ra28e.jpg;RADIAL RA28E;HANKOOK
http://images.elc.datahosting.sk/products/detail/heidenau/nr_7_moped.jpg;NR 7 MOPED;HEIDENAU
http://images.elc.datahosting.sk/products/detail/matador/mp_47_hectorra_3_suv.jpg;MP 47 HECTORRA 3 SUV;MATADOR
http://images.elc.datahosting.sk/products/detail/maxxis/c_124.jpg;C 124;MAXXIS
http://images.elc.datahosting.sk/products/detail/maxxis/m_7318.jpg;M 7318;MAXXIS
http://images.elc.datahosting.sk/products/detail/maxxis/ma_sw_wintermaxx.jpg;MA SW WINTERMAXX;MAXXIS
http://images.elc.datahosting.sk/products/detail/michelin/competition_sm29b.jpg;COMPETITION SM29B;MICHELIN
http://images.elc.datahosting.sk/products/detail/michelin/power_slick_evo.jpg;POWER SLICK EVO;MICHELIN
http://images.elc.datahosting.sk/products/detail/michelin/power_supermoto.jpg;POWER SUPERMOTO;MICHELIN
http://images.elc.datahosting.sk/products/detail/michelin/power_supermoto_a.jpg;POWER SUPERMOTO A;MICHELIN
http://images.elc.datahosting.sk/products/detail/michelin/power_supermoto_b.jpg;POWER SUPERMOTO B;MICHELIN
http://images.elc.datahosting.sk/products/detail/michelin/scorcher.jpg;SCORCHER;MICHELIN
http://images.elc.datahosting.sk/products/detail/michelin/scorcher_11.jpg;SCORCHER 11;MICHELIN
http://images.elc.datahosting.sk/products/detail/michelin/scorcher_31.jpg;SCORCHER 31;MICHELIN
http://images.elc.datahosting.sk/products/detail/michelin/scorcher_32.jpg;SCORCHER 32;MICHELIN
http://images.elc.datahosting.sk/products/detail/michelin/starcross_5.jpg;STARCROSS 5;MICHELIN
http://images.elc.datahosting.sk/products/detail/michelin/supermoto_p18b_rain.jpg;SUPERMOTO P18B RAIN;MICHELIN
http://images.elc.datahosting.sk/products/detail/nexen/n_blue_premium.jpg;N BLUE PREMIUM;NEXEN
http://images.elc.datahosting.sk/products/detail/nexen/roadian_ct8.jpg;ROADIAN CT8;NEXEN
http://images.elc.datahosting.sk/products/detail/nokian/weatherproof.jpg;WEATHERPROOF;NOKIAN
http://images.elc.datahosting.sk/products/detail/pirelli/angel_city.jpg;ANGEL CITY;PIRELLI
http://images.elc.datahosting.sk/products/detail/pneumant/hp_2.jpg;HP 2;PNEUMANT
http://images.elc.datahosting.sk/products/detail/pneumant/hp_3.jpg;HP 3;PNEUMANT
http://images.elc.datahosting.sk/products/detail/pneumant/spirit_5_3_rippen.jpg;SPIRIT 5 3 RIPPEN;PNEUMANT
http://images.elc.datahosting.sk/products/detail/pneumant/spirit_5_hp_4_ripp.jpg;SPIRIT 5 HP 4 RIPP;PNEUMANT
http://images.elc.datahosting.sk/products/detail/pneumant/spirit_5_hp_5_rippen.jpg;SPIRIT 5 HP 5 RIPPEN;PNEUMANT
http://images.elc.datahosting.sk/products/detail/pneumant/spirit_5_uhp.jpg;SPIRIT 5 UHP;PNEUMANT
http://images.elc.datahosting.sk/products/detail/pneumant/winter_hp_3.jpg;WINTER HP 3;PNEUMANT
http://images.elc.datahosting.sk/products/detail/pneumant/winter_hp_4.jpg;WINTER HP 4;PNEUMANT
http://images.elc.datahosting.sk/products/detail/pneumant/winter_lt_1.jpg;WINTER LT 1;PNEUMANT
http://images.elc.datahosting.sk/products/detail/pneumant/winter_lt_2.jpg;WINTER LT 2;PNEUMANT
http://images.elc.datahosting.sk/products/detail/pneumant/winter_st3.jpg;WINTER ST3;PNEUMANT
http://images.elc.datahosting.sk/products/detail/semperit/van_life_2.jpg;VAN LIFE 2;SEMPERIT
http://images.elc.datahosting.sk/products/detail/veloce/v_9128.jpg;V 9128;VELOCE
http://images.elc.datahosting.sk/products/detail/yokohama/advan_048_lts.jpg;ADVAN 048 LTS;YOKOHAMA
http://images.elc.datahosting.sk/products/detail/yokohama/advan_db_bluearth.jpg;ADVAN DB BLUEARTH;YOKOHAMA
http://images.elc.datahosting.sk/products/detail/yokohama/bluearth_e51b.jpg;BLUEARTH E51B;YOKOHAMA
http://images.elc.datahosting.sk/products/detail/yokohama/g_98_c.jpg;G 98 C;YOKOHAMA
http://images.elc.datahosting.sk/products/detail/zeta/alventi.jpg;ALVENTI;ZETA
