"http://images.elc.datahosting.sk/products/detail/apollo/alnac_4_g.jpg";"ALNAC 4 G";"APOLLO"
"http://images.elc.datahosting.sk/products/detail/apollo/alnac_4_g_all_season.jpg";"ALNAC 4 G ALL SEASON";"APOLLO"
"http://images.elc.datahosting.sk/products/detail/apollo/alnac_4_g_winter.jpg";"ALNAC 4 G WINTER";"APOLLO"
"http://images.elc.datahosting.sk/products/detail/apollo/alnac_winter.jpg";"ALNAC WINTER";"APOLLO"
"http://images.elc.datahosting.sk/products/detail/apollo/amazer_3g_maxx.jpg";"AMAZER 3G MAXX";"APOLLO"
"http://images.elc.datahosting.sk/products/detail/apollo/apterra_winter.jpg";"APTERRA WINTER";"APOLLO"
"http://images.elc.datahosting.sk/products/detail/apollo/aspire.jpg";"ASPIRE";"APOLLO"
"http://images.elc.datahosting.sk/products/detail/autogrip/ag_66.jpg";"AG 66";"AUTOGRIP"
"http://images.elc.datahosting.sk/products/detail/autogrip/ecosaver.jpg";"ECOSAVER";"AUTOGRIP"
"http://images.elc.datahosting.sk/products/_original/nexen/winguard_snow_g_wh1.jpg";"WINGUARD";"NEXEN"
